RGB_medio_cafe,R_medio_cafe,G_medio_cafe,B_medio_cafe,RGB_std_cafe,R_std_cafe,G_std_cafe,B_std_cafe,RGB_medio_folha,RGB_std_folha,HSV_medio_cafe,H_medio_cafe,S_medio_cafe,V_medio_cafe,HSV_std_cafe,H_std_cafe,S_std_cafe,V_std_cafe,HSV_medio_folha,HSV_std_folha,Agtron
41.131,32.884,39.886,50.622,25.758,22.524,24.581,26.819,236.019,5.924,53.57,13.009,97.073,50.627,42.825,12.793,32.749,26.824,93.953,103.065,Agtron 25
41.878,33.032,39.692,52.91,25.428,21.67,24.001,26.257,235.781,7.145,55.994,11.001,104.069,52.912,45.326,13.788,30.637,26.261,90.785,105.457,Agtron 25
33.481,31.438,33.196,35.809,32.391,30.127,32.631,34.14,238.086,7.482,36.367,39.153,33.743,36.205,41.547,53.85,33.191,34.093,91.072,106.085,Agtron 25
46.84,32.773,44.507,63.239,26.798,19.979,23.562,26.979,236.019,5.924,67.888,11.376,129.048,63.24,54.473,6.153,34.353,26.987,93.953,103.065,Agtron 35
52.747,35.349,49.696,73.194,28.224,20.07,23.367,26.664,235.781,7.145,74.291,11.189,138.49,73.195,57.043,3.746,30.53,26.666,90.785,105.457,Agtron 35
46.597,34.041,44.035,61.715,25.008,18.98,22.025,25.259,238.086,7.482,64.339,10.839,120.463,61.716,50.588,7.297,31.098,25.26,91.072,106.085,Agtron 35
49.92,32.446,47.192,70.122,28.21,17.609,23.025,28.746,236.019,5.924,74.04,11.464,140.535,70.122,58.622,5.867,33.108,28.746,93.953,103.065,Agtron 45
63.743,36.732,60.231,94.266,34.69,19.128,24.846,30.877,235.781,7.145,88.955,12.031,160.567,94.266,65.411,2.291,28.343,30.877,90.785,105.457,Agtron 45
53.675,35.136,50.427,75.463,28.999,18.785,23.43,28.144,238.086,7.482,75.689,11.077,140.525,75.464,58.016,4.36,30.132,28.146,91.072,106.085,Agtron 45
57.818,35.42,54.872,83.161,31.47,18.461,24.752,29.412,236.019,5.924,81.727,11.87,150.149,83.162,61.293,4.344,28.687,29.414,93.953,103.065,Agtron 55
66.378,35.89,62.981,100.262,36.248,18.601,24.321,30.249,235.781,7.145,93.651,12.449,168.243,100.262,67.942,1.723,26.993,30.251,90.785,105.457,Agtron 55
62.405,36.031,58.937,92.246,35.557,21.046,27.169,31.84,238.086,7.482,87.927,11.945,159.588,92.248,65.177,2.919,28.183,31.845,91.072,106.085,Agtron 55
62.208,37.253,60.843,88.529,39.279,30.829,33.909,34.799,236.019,5.924,86.161,13.733,156.211,88.538,64.767,3.535,34.63,34.841,93.953,103.065,Agtron 65
71.724,36.408,68.633,110.13,40.818,19.779,26.968,33.882,235.781,7.145,99.67,12.936,175.945,110.13,71.455,2.125,26.735,33.882,90.785,105.457,Agtron 65
67.174,35.429,65.555,100.538,35.419,17.219,23.33,28.27,238.086,7.482,94.258,13.76,168.476,100.538,66.774,1.78,23.373,28.272,91.072,106.085,Agtron 65
59.948,34.097,58.699,87.049,34.89,22.024,27.566,31.666,236.019,5.924,87.081,13.781,160.411,87.052,65.009,2.918,30.274,31.677,93.953,103.065,Agtron 75
74.746,35.09,72.455,116.692,46.496,22.719,31.846,40.223,235.781,7.145,105.115,13.485,185.166,116.693,76.186,2.203,29.183,40.225,90.785,105.457,Agtron 75
68.846,34.062,66.663,105.813,41.714,20.218,29.13,37.168,238.086,7.482,99.046,13.366,177.958,105.813,72.463,1.924,27.451,37.168,91.072,106.085,Agtron 75
58.566,31.887,59.135,84.675,33.207,20.194,25.824,28.976,236.019,5.924,88.128,15.348,164.36,84.676,65.367,2.57,29.182,28.983,93.953,103.065,Agtron 85
86.541,41.966,85.168,132.488,49.848,22.933,33.585,41.239,235.781,7.145,109.021,14.071,180.503,132.488,75.524,1.925,27.043,41.239,90.785,105.457,Agtron 85
105.719,61.958,109.555,145.644,49.399,27.815,36.91,40.756,235.781,7.145,104.775,16.936,151.741,145.649,68.229,1.88,26.619,40.761,90.785,105.457,Agtron 95
36.951,29.802,35.861,45.19,19.361,15.564,17.753,21.141,172.026,5.706,49.891,14.975,89.501,45.195,39.264,21.116,30.365,21.141,69.428,75.722,Agtron 25
37.772,29.93,36.584,46.803,18.792,15.366,17.143,19.62,137.209,2.165,52.621,13.592,97.464,46.806,41.564,16.042,31.179,19.625,56.452,59.159,Agtron 25
28.889,27.537,28.914,30.215,17.136,16.112,17.009,18.123,137.209,2.165,31.165,35.403,27.478,30.612,33.36,46.672,28.376,17.979,56.452,59.159,Agtron 25
41.587,29.162,39.707,55.892,21.712,14.161,17.989,22.967,172.026,5.706,64.208,12.239,124.492,55.894,51.499,10.656,30.188,22.964,69.428,75.722,Agtron 35
44.604,29.156,43.396,61.261,22.755,14.814,18.432,21.831,137.209,2.165,71.466,13.119,140.017,61.261,56.902,4.408,31.776,21.83,56.452,59.159,Agtron 35
42.465,31.635,41.151,54.61,20.135,14.458,17.291,21.017,137.209,2.165,59.219,12.75,110.297,54.611,44.996,7.925,27.928,21.016,56.452,59.159,Agtron 35
45.194,28.857,43.298,63.427,25.145,13.9,19.852,26.581,172.026,5.706,72.008,12.361,140.234,63.428,57.301,6.318,28.594,26.58,69.428,75.722,Agtron 45
56.482,31.96,55.926,81.56,29.992,15.473,21.853,27.405,137.209,2.165,85.259,14.223,159.995,81.56,63.717,2.79,27.848,27.405,56.452,59.159,Agtron 45
44.759,28.771,43.333,62.171,23.575,13.977,18.832,23.59,137.209,2.165,71.873,12.789,140.658,62.171,56.955,3.808,29.058,23.59,56.452,59.159,Agtron 45
50.639,30.633,48.334,72.951,27.141,13.68,20.449,26.481,172.026,5.706,78.293,12.468,149.459,72.951,60.073,9.0,24.859,26.481,69.428,75.722,Agtron 55
60.002,32.811,59.625,87.571,31.473,15.536,21.884,27.418,137.209,2.165,88.63,14.448,163.871,87.571,64.922,3.051,26.796,27.418,56.452,59.159,Agtron 55
56.935,31.792,55.264,83.749,31.158,15.486,22.506,28.499,137.209,2.165,86.113,13.259,161.332,83.749,64.502,3.383,26.206,28.499,56.452,59.159,Agtron 55
54.204,28.716,53.924,79.971,31.407,15.971,23.422,29.013,172.026,5.706,87.257,14.501,167.295,79.974,66.94,4.639,28.758,29.016,69.428,75.722,Agtron 65
63.658,31.495,63.56,95.92,35.608,16.811,23.663,29.765,137.209,2.165,95.823,14.713,176.835,95.92,70.223,2.675,27.547,29.765,56.452,59.159,Agtron 65
58.905,28.802,59.077,88.836,32.067,13.849,20.506,25.894,137.209,2.165,93.397,14.948,176.408,88.836,69.183,2.829,24.789,25.894,56.452,59.159,Agtron 65
58.193,31.26,57.94,85.381,31.732,14.723,22.629,28.763,172.026,5.706,88.053,14.619,164.16,85.381,65.029,5.203,25.302,28.762,69.428,75.722,Agtron 75
70.685,34.628,70.666,106.762,39.622,17.526,26.426,33.206,137.209,2.165,99.407,14.748,176.711,106.762,70.59,2.459,25.361,33.206,56.452,59.159,Agtron 75
61.917,31.935,63.46,90.355,33.588,15.763,23.813,29.308,172.026,5.706,91.648,16.044,168.546,90.355,66.299,4.015,26.094,29.308,69.428,75.722,Agtron 85
38.854,30.364,37.36,48.838,27.203,22.964,25.844,29.168,202.251,4.191,58.278,13.671,112.317,48.845,52.98,20.89,46.198,29.17,79.359,89.536,Agtron 25
40.127,31.502,38.163,50.714,29.577,25.068,28.217,31.772,201.373,3.925,60.493,16.286,114.455,50.739,55.157,31.214,46.696,31.794,78.659,88.756,Agtron 25
34.577,32.571,34.174,36.985,35.659,33.295,35.769,37.64,200.735,3.91,54.531,63.538,61.851,38.205,51.486,58.527,51.99,37.721,78.465,88.472,Agtron 25
47.673,32.184,45.193,65.643,30.985,22.645,27.326,32.432,202.251,4.191,73.058,11.975,141.553,65.646,61.344,12.369,40.087,32.429,79.359,89.536,Agtron 35
49.681,32.444,47.428,69.172,30.426,21.11,26.131,31.09,201.373,3.925,76.217,12.532,146.947,69.174,62.658,11.932,39.51,31.088,78.659,88.756,Agtron 35
43.944,32.288,41.584,57.961,27.848,21.279,25.321,29.91,200.735,3.91,65.158,12.432,125.078,57.964,56.384,19.048,43.104,29.907,78.465,88.472,Agtron 35
52.365,31.428,49.949,75.717,34.977,21.003,29.527,36.981,202.251,4.191,81.713,12.519,156.9,75.719,66.85,11.778,37.734,36.978,79.359,89.536,Agtron 45
61.87,34.934,59.785,90.891,37.832,21.753,30.178,36.575,201.373,3.925,90.242,13.396,166.437,90.892,69.314,10.592,35.389,36.573,78.659,88.756,Agtron 45
49.201,31.328,46.569,69.705,31.986,20.671,27.403,33.829,200.735,3.91,76.983,12.098,149.145,69.706,64.132,12.997,39.437,33.827,78.465,88.472,Agtron 45
56.448,31.462,54.073,83.81,37.094,21.518,30.717,36.643,202.251,4.191,88.261,12.965,168.006,83.811,69.938,11.297,33.991,36.64,79.359,89.536,Agtron 55
62.033,32.962,60.239,92.899,37.653,20.149,28.604,35.042,201.373,3.925,93.127,13.678,172.803,92.9,70.941,9.889,33.344,35.04,78.659,88.756,Agtron 55
57.534,31.002,54.766,86.834,37.794,21.403,30.219,36.659,200.735,3.91,90.623,12.63,172.404,86.835,71.732,9.487,34.887,36.658,78.465,88.472,Agtron 55
60.087,33.227,59.403,87.63,36.665,22.347,29.925,34.021,202.251,4.191,89.869,14.466,167.508,87.632,68.945,9.402,36.001,34.02,79.359,89.536,Agtron 65
64.575,32.143,63.631,97.952,39.301,19.994,29.081,34.951,201.373,3.925,97.278,14.447,179.433,97.953,72.962,10.115,32.186,34.948,78.659,88.756,Agtron 65
60.726,29.842,59.944,92.392,36.356,17.592,26.12,31.882,200.735,3.91,95.312,14.497,179.045,92.393,71.84,8.998,28.897,31.879,78.465,88.472,Agtron 65
60.402,30.974,59.75,90.482,39.227,21.956,31.499,37.025,202.251,4.191,93.845,14.529,176.524,90.483,72.606,10.33,34.633,37.023,79.359,89.536,Agtron 75
75.991,36.467,76.379,115.128,44.383,21.706,31.845,36.474,201.373,3.925,104.051,15.317,181.708,115.128,74.045,9.684,31.573,36.472,78.659,88.756,Agtron 75
67.598,32.806,67.008,102.98,41.637,20.307,31.053,36.898,200.735,3.91,99.59,14.534,181.254,102.98,73.728,8.978,30.827,36.897,78.465,88.472,Agtron 75
62.983,33.292,64.305,91.352,37.399,21.086,30.043,34.071,202.251,4.191,92.302,16.002,169.549,91.354,68.666,8.526,33.494,34.069,79.359,89.536,Agtron 85
84.199,41.955,85.689,124.954,46.278,22.917,33.253,36.692,201.373,3.925,105.893,15.865,176.859,124.954,72.747,8.702,30.822,36.69,78.659,88.756,Agtron 85
97.884,59.954,102.786,130.911,45.056,28.224,36.509,37.511,201.373,3.925,98.422,18.043,146.311,130.911,64.269,6.993,33.553,37.51,78.659,88.756,Agtron 95
38.247,30.625,36.969,47.146,25.796,21.441,24.43,28.3,199.165,5.098,54.409,17.229,98.807,47.19,48.121,28.77,43.752,28.272,77.261,87.902,Agtron 25
38.976,31.872,37.358,47.699,27.189,22.975,25.893,29.837,202.233,2.401,55.552,21.993,96.881,47.78,49.262,39.472,44.067,29.758,77.795,89.558,Agtron 25
37.443,36.118,36.982,39.229,33.641,32.124,33.723,34.939,203.274,2.678,55.978,70.095,56.995,40.844,49.893,57.216,50.271,35.183,79.794,89.176,Agtron 25
45.473,31.822,43.396,61.2,27.244,18.675,23.612,29.707,199.165,5.098,67.893,14.193,128.245,61.242,55.955,19.909,39.307,29.684,77.261,87.902,Agtron 35
45.037,31.055,43.144,60.912,27.186,18.992,23.696,29.052,202.233,2.401,69.723,14.681,133.555,60.934,57.759,20.863,39.37,29.014,77.795,89.558,Agtron 35
41.015,31.161,38.936,52.947,25.45,19.16,23.034,28.313,203.274,2.678,60.405,16.103,112.135,52.976,51.615,28.965,40.747,28.269,79.794,89.176,Agtron 35
51.231,32.323,49.165,72.204,32.984,19.423,27.909,36.138,199.165,5.098,77.017,14.043,144.793,72.215,62.506,18.083,38.822,36.119,77.261,87.902,Agtron 45
58.026,34.702,56.467,82.91,35.565,20.441,29.352,36.735,202.233,2.401,84.451,14.721,155.714,82.918,65.376,16.649,35.405,36.718,77.795,89.558,Agtron 45
46.831,31.42,44.449,64.625,30.084,19.43,26.01,33.185,203.274,2.678,71.889,14.398,136.632,64.639,59.739,22.382,39.448,33.161,79.794,89.176,Agtron 45
56.921,33.363,54.887,82.514,35.988,20.76,30.012,36.602,199.165,5.098,85.114,13.999,158.823,82.519,66.512,15.77,34.454,36.59,77.261,87.902,Agtron 55
60.188,34.416,59.181,86.966,35.582,19.206,28.194,35.386,202.233,2.401,87.614,14.751,161.118,86.972,66.412,13.406,32.994,35.373,77.795,89.558,Agtron 55
57.081,32.265,54.397,84.582,36.732,20.916,29.558,36.841,203.274,2.678,87.345,13.334,164.113,84.588,68.638,14.235,34.573,36.837,79.794,89.176,Agtron 55
62.136,35.719,61.794,88.894,37.234,21.877,30.831,36.277,199.165,5.098,88.403,15.521,160.787,88.9,66.587,14.08,35.164,36.267,77.261,87.902,Agtron 65
65.5,34.558,65.185,96.757,38.648,18.961,29.255,36.484,202.233,2.401,94.304,15.325,170.828,96.761,69.541,12.853,30.207,36.474,77.795,89.558,Agtron 65
62.285,32.613,61.767,92.475,36.226,17.632,26.923,33.303,203.274,2.678,92.851,15.173,170.901,92.478,68.919,12.754,29.203,33.294,79.794,89.176,Agtron 65
62.477,33.626,62.155,91.652,39.576,21.452,32.339,38.848,199.165,5.098,92.207,15.702,169.261,91.657,70.084,15.974,34.363,38.84,77.261,87.902,Agtron 75
73.027,35.354,73.76,109.965,42.832,19.624,31.107,36.971,202.233,2.401,102.012,15.939,180.127,109.968,72.968,12.445,29.632,36.963,77.795,89.558,Agtron 75
68.036,34.53,66.902,102.677,41.373,19.922,31.138,38.01,203.274,2.678,97.907,14.694,176.347,102.679,72.095,12.818,29.738,38.004,79.794,89.176,Agtron 75
63.181,34.525,64.996,90.022,36.367,19.276,29.352,34.494,199.165,5.098,90.161,16.969,163.488,90.026,65.984,11.573,31.695,34.484,77.261,87.902,Agtron 85
81.338,42.72,83.173,118.122,43.764,21.975,32.638,36.741,202.233,2.401,101.685,16.515,170.416,118.124,69.928,11.564,30.637,36.734,77.795,89.558,Agtron 85
93.521,58.079,98.366,124.118,44.378,27.682,37.113,39.354,202.233,2.401,95.813,18.601,144.718,124.121,63.201,10.229,34.288,39.345,77.795,89.558,Agtron 95
39.671,29.899,40.239,48.874,20.509,19.359,18.473,19.112,170.377,4.989,58.214,17.992,107.72,48.93,43.115,13.96,29.131,19.452,105.248,67.415,Agtron 25
42.471,27.945,42.315,57.153,21.671,17.022,17.999,19.2,170.377,4.989,69.755,15.752,136.353,57.16,54.468,12.756,29.272,19.245,105.248,67.415,Agtron 35
50.32,30.951,50.072,69.938,26.814,19.661,21.625,23.295,170.377,4.989,77.695,15.679,147.453,69.952,58.895,13.184,30.229,23.368,105.248,67.415,Agtron 45
54.809,32.129,54.476,77.822,27.215,17.028,20.269,21.843,170.377,4.989,82.311,14.727,154.384,77.823,60.805,6.675,28.067,21.844,105.248,67.415,Agtron 55
60.563,34.055,61.932,85.701,32.313,23.815,24.639,24.932,170.377,4.989,87.797,17.529,160.127,85.735,63.502,14.442,32.967,25.069,105.248,67.415,Agtron 65
61.343,33.798,64.023,86.207,29.671,17.986,21.182,22.017,170.377,4.989,87.732,17.51,159.478,86.209,61.656,7.619,27.937,22.023,105.248,67.415,Agtron 75
25.731,15.541,23.323,38.329,16.613,9.707,12.671,17.461,155.342,2.872,68.452,10.647,156.379,38.33,66.988,9.128,33.077,17.462,58.291,71.807,Agtron 25
22.045,15.206,20.853,30.077,13.456,9.829,11.303,14.356,155.342,2.872,58.411,12.012,133.145,30.078,57.936,8.011,35.477,14.355,58.291,71.807,Agtron 25
25.731,15.541,23.323,38.329,16.613,9.707,12.671,17.461,155.342,2.872,68.452,10.647,156.379,38.33,66.988,9.128,33.077,17.462,58.291,71.807,Agtron 35
33.631,18.124,30.653,52.116,23.079,11.547,17.41,23.883,155.342,2.872,77.634,10.949,169.837,52.116,71.401,8.257,32.502,23.882,58.291,71.807,Agtron 45
38.769,19.928,34.809,61.57,26.014,13.002,18.777,24.86,155.342,2.872,83.332,10.579,177.846,61.571,73.758,7.938,30.666,24.86,58.291,71.807,Agtron 55
42.519,21.921,39.737,65.898,27.823,15.806,20.95,25.592,155.342,2.872,84.756,11.892,176.477,65.898,72.521,7.004,31.564,25.592,58.291,71.807,Agtron 65
43.009,20.071,40.498,68.458,28.356,13.148,20.286,25.449,155.342,2.872,88.739,12.357,185.4,68.458,75.695,7.051,30.047,25.449,58.291,71.807,Agtron 75
47.174,22.992,45.701,72.831,29.051,13.644,21.189,25.525,155.342,2.872,88.631,13.316,179.747,72.831,72.437,5.582,28.885,25.525,58.291,71.807,Agtron 85
86.274,75.342,79.144,104.337,33.559,30.943,31.27,30.768,245.975,3.919,72.028,34.587,77.118,104.38,52.192,63.652,26.396,30.811,125.225,99.594,Agtron 25
71.161,70.253,66.86,76.369,34.865,35.013,34.587,34.323,247.538,3.73,82.069,129.839,39.136,77.231,56.286,60.081,22.939,34.926,124.027,100.324,Agtron 25
109.326,84.343,102.528,141.108,38.139,28.983,29.838,30.868,245.975,3.919,85.837,10.773,105.624,141.114,60.257,14.723,25.317,30.875,125.225,99.594,Agtron 35
107.344,89.033,100.586,132.415,33.995,27.181,28.609,30.002,247.538,3.73,76.711,11.801,85.914,132.417,56.114,25.512,22.234,30.001,124.027,100.324,Agtron 35
122.927,85.745,117.874,165.162,45.082,28.658,31.19,33.333,245.975,3.919,100.875,12.331,125.131,165.163,69.118,7.976,24.409,33.335,125.225,99.594,Agtron 45
113.754,86.578,107.244,147.439,37.899,25.931,28.231,30.398,247.538,3.73,88.355,10.718,106.906,147.441,61.969,11.883,24.337,30.401,124.027,100.324,Agtron 45
125.374,84.921,120.948,170.252,47.402,28.91,32.176,34.636,245.975,3.919,104.509,12.914,130.36,170.253,71.252,8.389,24.086,34.638,125.225,99.594,Agtron 55
127.394,89.513,121.327,171.343,44.549,27.791,30.068,29.563,247.538,3.73,102.367,11.965,123.793,171.344,70.473,8.306,23.81,29.565,124.027,100.324,Agtron 55
127.005,80.375,124.579,176.06,49.502,27.594,30.983,32.3,245.975,3.919,110.525,13.979,141.536,176.061,73.549,5.834,23.945,32.301,125.225,99.594,Agtron 65
125.947,81.7,124.353,171.788,44.823,23.111,26.24,27.256,247.538,3.73,107.205,14.174,135.653,171.788,70.221,2.655,20.201,27.256,124.027,100.324,Agtron 65
134.388,80.844,134.779,187.54,52.676,27.608,30.777,30.377,245.975,3.919,116.966,15.278,148.08,187.54,77.143,4.971,24.825,30.377,125.225,99.594,Agtron 75
135.899,85.846,135.27,186.58,51.456,28.207,32.31,32.083,247.538,3.73,113.891,14.766,140.327,186.581,76.255,5.011,24.113,32.083,124.027,100.324,Agtron 75
144.502,90.591,146.511,196.404,52.693,29.265,31.898,29.179,245.975,3.919,117.64,15.872,140.645,196.405,78.74,1.587,25.614,29.179,125.225,99.594,Agtron 85
162.794,119.02,169.462,199.901,42.821,26.748,28.044,25.722,245.975,3.919,107.941,18.859,105.059,199.903,76.325,4.627,19.815,25.723,125.225,99.594,Agtron 95
33.617,28.477,31.501,40.874,13.003,11.486,11.644,12.497,171.87,4.755,46.199,15.14,82.567,40.889,38.076,34.756,25.879,12.499,102.261,68.203,Agtron 25
28.567,27.406,27.93,30.366,12.306,12.536,11.966,12.207,173.326,3.727,43.615,64.633,35.518,30.694,44.888,67.914,24.538,12.491,99.933,69.0,Agtron 25
41.359,27.601,39.609,56.866,18.695,12.529,14.074,16.145,171.87,4.755,68.56,12.117,136.696,56.866,55.554,1.697,32.096,16.145,102.261,68.203,Agtron 35
34.044,24.287,32.496,45.35,14.235,9.923,10.946,12.815,173.326,3.727,59.761,11.461,122.474,45.35,50.106,2.225,29.819,12.815,99.933,69.0,Agtron 35
51.187,28.28,50.531,74.75,26.72,15.167,18.835,21.835,171.87,4.755,84.584,14.226,164.775,74.75,66.048,4.136,33.398,21.835,102.261,68.203,Agtron 45
44.19,29.073,42.351,61.145,19.82,12.429,14.581,17.088,173.326,3.727,70.314,12.171,137.627,61.145,55.545,2.042,31.045,17.088,99.933,69.0,Agtron 45
55.507,28.313,55.919,82.288,29.735,15.105,20.236,23.621,171.87,4.755,90.183,15.133,173.129,82.288,68.836,2.654,32.79,23.621,102.261,68.203,Agtron 55
54.538,28.884,53.393,81.338,28.703,14.928,19.552,22.108,173.326,3.727,88.127,13.82,169.222,81.338,67.368,3.452,31.154,22.108,99.933,69.0,Agtron 55
63.096,30.028,64.438,94.822,34.409,16.651,22.76,25.589,171.87,4.755,97.171,15.815,180.877,94.822,71.334,3.832,31.066,25.589,102.261,68.203,Agtron 65
60.464,27.041,62.441,91.91,32.356,14.719,19.079,21.22,173.326,3.727,97.843,16.317,185.301,91.911,72.344,3.297,30.156,21.222,99.933,69.0,Agtron 65
74.327,30.214,78.406,114.361,42.11,18.457,25.626,27.514,171.87,4.755,108.526,17.095,194.12,114.361,76.197,1.966,30.61,27.514,102.261,68.203,Agtron 75
71.324,30.686,74.544,108.741,40.008,17.713,25.446,27.907,173.326,3.727,104.843,16.698,189.09,108.741,74.297,2.034,29.918,27.907,99.933,69.0,Agtron 75
83.276,38.345,88.24,123.244,43.09,20.491,26.946,27.992,171.87,4.755,107.642,17.541,182.141,123.244,72.284,1.415,31.27,27.992,102.261,68.203,Agtron 85
97.185,56.757,105.687,129.112,40.537,23.727,28.568,28.717,171.87,4.755,99.428,20.276,148.894,129.112,61.453,1.928,30.134,28.717,102.261,68.203,Agtron 95
17.741,12.17,16.377,24.677,13.779,11.101,12.338,14.599,170.376,4.152,57.54,10.387,137.557,24.678,61.585,5.772,37.754,14.605,67.588,74.389,Agtron 25
24.827,13.137,22.169,39.177,20.287,13.061,16.789,20.798,170.376,4.152,76.085,9.99,179.087,39.177,77.739,3.085,36.71,20.798,67.588,74.389,Agtron 35
32.169,15.211,28.608,52.687,27.181,16.462,22.19,27.051,170.376,4.152,84.389,10.08,190.4,52.687,81.212,3.806,35.703,27.051,67.588,74.389,Agtron 45
40.861,18.532,35.817,68.235,29.638,15.752,21.77,25.294,170.376,4.152,90.216,9.971,192.441,68.235,79.459,2.984,30.329,25.294,67.588,74.389,Agtron 55
50.685,24.275,48.595,79.186,38.14,28.707,32.087,31.563,170.376,4.152,93.934,12.906,189.71,79.186,78.987,3.504,41.858,31.563,67.588,74.389,Agtron 65
48.643,20.046,46.322,79.561,35.178,20.453,26.395,28.608,170.376,4.152,96.956,12.797,198.508,79.561,80.895,3.118,33.25,28.608,67.588,74.389,Agtron 75
52.288,21.206,52.302,83.357,35.061,19.172,25.811,26.882,170.376,4.152,98.374,14.59,197.174,83.357,79.027,3.121,31.567,26.883,67.588,74.389,Agtron 85
22.033,17.588,20.308,28.203,13.532,11.233,12.013,14.766,171.273,2.976,47.057,11.322,101.644,28.203,47.612,22.76,38.111,14.766,95.821,79.929,Agtron 25
27.28,17.602,24.235,40.002,18.342,11.325,14.524,20.131,171.273,2.976,65.526,8.74,147.835,40.002,64.406,6.364,36.711,20.131,95.821,79.929,Agtron 35
33.131,19.351,29.108,50.935,24.814,15.068,19.838,26.524,171.273,2.976,75.316,8.782,166.231,50.936,71.937,4.946,38.854,26.529,95.821,79.929,Agtron 45
37.635,20.22,33.585,59.1,27.017,15.505,21.209,26.817,171.273,2.976,82.222,9.79,177.776,59.1,75.176,3.87,36.171,26.817,95.821,79.929,Agtron 55
47.265,25.054,44.5,72.242,33.738,22.408,27.915,31.756,171.273,2.976,87.213,12.456,176.921,72.261,74.16,9.902,39.11,31.809,95.821,79.929,Agtron 65
45.188,21.563,42.17,71.83,33.12,18.868,25.896,31.421,171.273,2.976,90.22,12.058,186.764,71.837,77.493,8.372,34.479,31.442,95.821,79.929,Agtron 75
52.015,25.551,51.34,79.153,33.073,17.05,25.918,29.695,171.273,2.976,91.494,13.781,181.549,79.153,73.868,3.714,34.242,29.695,95.821,79.929,Agtron 85
18.391,13.542,15.278,26.352,22.29,20.612,20.644,23.3,172.322,6.368,68.042,28.167,149.598,26.361,75.722,57.687,57.891,23.318,102.959,70.671,Agtron 25
16.508,11.586,13.511,24.428,18.98,16.949,17.187,20.053,172.322,6.368,66.469,19.673,155.304,24.432,76.557,46.976,55.902,20.064,102.959,70.671,Agtron 25
18.334,13.422,15.425,26.154,21.453,19.269,19.669,22.996,172.322,6.368,65.958,24.939,146.769,26.167,74.327,53.332,58.337,23.015,102.959,70.671,Agtron 25
16.646,12.17,13.825,23.943,20.483,18.467,18.717,22.048,172.322,6.368,66.973,29.034,147.918,23.967,75.542,57.751,58.787,22.081,102.959,70.671,Agtron 25
19.178,14.047,15.969,27.518,22.483,20.361,20.634,23.874,172.322,6.368,67.517,27.297,147.724,27.53,75.015,56.1,59.275,23.899,102.959,70.671,Agtron 25
32.286,17.932,26.244,52.684,25.347,18.531,19.868,23.037,173.111,6.41,80.844,8.117,181.718,52.697,78.792,13.397,40.674,23.101,102.99,70.945,Agtron 35
35.416,19.058,28.825,58.366,26.668,17.9,19.914,24.058,173.111,6.41,83.058,7.957,182.842,58.376,78.557,11.218,40.006,24.105,102.99,70.945,Agtron 35
34.149,18.217,27.602,56.628,25.564,16.658,18.986,22.817,173.111,6.41,82.775,7.404,184.29,56.631,78.957,7.724,38.106,22.832,102.99,70.945,Agtron 35
32.652,17.346,26.256,54.353,26.173,19.41,20.323,22.787,173.111,6.41,83.04,8.341,186.391,54.388,80.386,13.99,39.746,22.97,102.99,70.945,Agtron 35
28.255,16.5,23.058,45.208,20.313,14.173,15.587,18.478,174.489,5.918,75.028,6.895,172.978,45.211,75.197,6.395,38.145,18.498,103.5,71.5,Agtron 35
28.402,16.882,23.255,45.068,20.998,15.321,16.479,19.479,174.489,5.918,74.304,7.277,170.557,45.078,74.465,10.44,39.154,19.539,103.5,71.5,Agtron 35
25.76,14.719,20.871,41.69,18.708,12.735,13.965,17.124,174.489,5.918,74.817,6.806,175.953,41.691,76.753,4.849,37.479,17.13,103.5,71.5,Agtron 35
27.229,16.431,22.255,43.001,19.814,14.983,15.621,17.865,174.489,5.918,73.061,7.197,168.968,43.019,73.835,10.601,38.472,17.994,103.5,71.5,Agtron 35
36.911,19.742,29.741,61.251,26.466,16.246,18.907,23.265,173.476,6.023,83.721,7.006,182.907,61.251,77.808,3.712,37.136,23.265,100.746,72.587,Agtron 35
34.975,18.247,28.377,58.301,26.428,15.422,19.431,24.749,173.476,6.023,83.396,7.196,184.692,58.301,78.835,3.925,36.33,24.749,100.746,72.587,Agtron 35
38.498,20.135,31.26,64.098,27.558,16.478,19.603,24.032,173.476,6.023,85.292,7.315,184.462,64.098,78.116,3.69,36.755,24.032,100.746,72.587,Agtron 35
32.425,17.196,25.667,54.412,24.329,14.865,17.426,22.137,173.476,6.023,82.017,6.601,185.039,54.412,79.441,3.629,36.961,22.137,100.746,72.587,Agtron 35
49.652,23.612,41.388,83.956,33.794,16.448,21.628,27.652,173.028,6.457,94.087,8.472,189.834,83.956,78.214,2.872,31.29,27.652,102.604,71.185,Agtron 45
47.005,22.94,39.075,79.0,32.467,15.75,21.398,28.119,173.028,6.457,91.652,8.226,187.73,79.0,77.725,2.634,31.223,28.119,102.604,71.185,Agtron 45
47.829,23.721,39.562,80.205,32.187,16.27,20.896,26.625,173.028,6.457,91.489,8.096,186.166,80.205,76.964,3.184,31.713,26.625,102.604,71.185,Agtron 45
46.167,22.376,38.145,77.98,31.307,15.416,19.99,25.703,173.028,6.457,91.388,8.177,188.008,77.98,77.728,3.449,31.832,25.703,102.604,71.185,Agtron 45
47.118,23.638,39.425,78.291,33.108,18.337,23.356,28.711,173.912,5.841,90.706,8.572,185.249,78.296,77.159,8.068,33.645,28.726,102.539,72.457,Agtron 45
42.783,21.346,35.036,71.966,30.459,15.901,21.028,26.779,173.912,5.841,88.662,7.702,186.318,71.966,77.668,3.759,31.555,26.779,102.539,72.457,Agtron 45
40.594,19.596,33.148,69.038,29.276,14.378,19.827,25.806,173.912,5.841,88.62,7.779,189.043,69.038,78.851,3.682,31.14,25.806,102.539,72.457,Agtron 45
44.413,21.245,36.723,75.27,31.572,15.798,21.113,27.332,173.912,5.841,91.027,8.176,189.634,75.27,78.673,3.004,31.246,27.332,102.539,72.457,Agtron 45
55.24,24.754,47.249,93.717,35.502,16.214,20.869,24.68,173.06,6.243,98.874,9.642,193.263,93.718,78.339,5.059,29.634,24.684,102.856,71.145,Agtron 55
54.398,24.255,46.566,92.372,35.55,16.624,21.606,25.226,173.06,6.243,98.698,9.569,194.152,92.374,78.884,2.976,30.45,25.23,102.856,71.145,Agtron 55
53.623,23.788,45.586,91.497,34.753,15.5,20.411,24.029,173.06,6.243,98.429,9.402,194.389,91.497,78.795,2.254,29.349,24.029,102.856,71.145,Agtron 55
54.419,25.994,46.193,91.069,37.104,20.726,25.617,28.732,173.06,6.243,97.061,9.153,190.957,91.071,78.955,6.059,35.478,28.738,102.856,71.145,Agtron 55
49.422,22.678,40.493,85.095,34.262,16.089,21.786,26.844,172.52,6.446,95.334,8.262,192.644,85.095,78.913,2.689,28.254,26.844,103.279,70.847,Agtron 55
53.691,25.496,44.867,90.709,36.356,17.651,24.185,28.736,172.52,6.446,96.16,8.545,189.225,90.709,77.557,2.874,29.049,28.736,103.279,70.847,Agtron 55
51.963,24.884,43.247,87.758,34.8,17.074,22.789,27.05,172.52,6.446,94.942,8.451,188.618,87.758,77.218,2.649,29.011,27.05,103.279,70.847,Agtron 55
63.676,28.616,55.295,107.119,40.626,19.129,24.902,27.903,172.571,6.502,103.378,9.96,193.052,107.122,78.62,4.589,30.999,27.909,102.909,70.832,Agtron 65
66.439,30.192,58.308,110.816,41.86,21.596,26.089,27.577,172.571,6.502,104.399,10.553,191.826,110.82,78.284,7.958,32.698,27.585,102.909,70.832,Agtron 65
64.633,28.557,56.643,108.699,40.756,18.557,24.367,27.162,172.571,6.502,104.26,10.284,193.796,108.7,78.549,4.145,29.782,27.163,102.909,70.832,Agtron 65
65.058,29.565,56.766,108.843,40.886,19.093,25.029,27.9,172.571,6.502,103.59,9.999,191.927,108.843,78.19,3.104,31.024,27.9,102.909,70.832,Agtron 65
63.132,27.922,55.867,105.606,39.887,17.492,24.133,28.071,174.079,6.836,102.817,10.494,192.351,105.606,77.737,2.26,28.077,28.071,103.07,71.324,Agtron 65
62.119,27.229,55.002,104.127,40.065,16.79,24.659,29.881,174.079,6.836,102.477,10.448,192.855,104.127,77.982,2.588,26.527,29.881,103.07,71.324,Agtron 65
64.344,28.526,57.026,107.48,41.012,17.763,25.54,29.681,174.079,6.836,103.455,10.487,192.396,107.48,77.863,2.741,27.017,29.681,103.07,71.324,Agtron 65
64.266,29.135,57.008,106.656,39.918,17.504,24.413,28.181,174.079,6.836,102.354,10.462,189.943,106.656,76.785,2.798,27.408,28.181,103.07,71.324,Agtron 65
63.841,28.106,56.512,106.906,40.479,17.309,24.59,28.743,172.735,6.227,103.366,10.495,192.697,106.906,77.804,2.313,26.669,28.743,102.459,70.776,Agtron 65
63.534,28.303,56.451,105.849,40.136,17.875,24.759,28.604,172.735,6.227,102.834,10.614,192.039,105.849,77.609,2.486,27.816,28.604,102.459,70.776,Agtron 65
57.632,24.943,50.894,97.06,37.758,18.185,23.668,26.788,172.735,6.227,101.059,10.526,195.59,97.06,79.021,2.322,29.35,26.788,102.459,70.776,Agtron 65
58.577,25.521,51.383,98.828,38.53,18.93,24.139,27.35,172.704,6.188,101.497,10.355,195.306,98.828,79.158,4.103,30.314,27.352,102.601,70.908,Agtron 65
87.151,41.564,80.537,139.351,49.86,22.562,31.189,33.611,171.431,6.627,111.837,11.664,184.497,139.351,77.583,3.026,29.108,33.611,101.759,70.087,Agtron 75
79.604,36.14,72.941,129.73,48.048,20.678,30.118,33.838,171.431,6.627,110.103,11.48,189.098,129.73,77.941,2.334,26.867,33.838,101.759,70.087,Agtron 75
70.785,31.809,63.521,117.025,44.355,18.621,27.603,32.914,171.431,6.627,106.045,10.878,190.23,117.025,77.573,2.25,26.456,32.914,101.759,70.087,Agtron 75
79.367,36.647,72.903,128.551,47.317,20.681,29.69,33.492,171.431,6.627,109.12,11.537,187.272,128.551,77.241,2.517,27.617,33.492,101.759,70.087,Agtron 75
79.679,35.87,72.889,130.279,47.968,20.306,29.535,33.052,171.431,6.627,110.504,11.473,189.759,130.279,78.059,2.21,26.506,33.052,101.759,70.087,Agtron 75
79.844,37.269,73.221,129.041,48.039,21.353,31.006,35.058,171.431,6.627,109.07,11.427,186.74,129.041,77.32,2.377,27.109,35.058,101.759,70.087,Agtron 75
81.084,37.29,74.409,131.552,48.038,20.482,29.266,33.725,171.431,6.627,110.205,11.551,187.512,131.552,77.414,2.23,25.917,33.725,101.759,70.087,Agtron 75
30.585,25.967,27.989,37.797,29.947,28.443,28.866,31.114,190.817,10.828,67.752,48.24,116.87,38.147,69.754,67.526,73.464,31.153,114.227,73.439,Agtron 25
26.865,23.5,24.54,32.556,28.438,27.25,27.536,29.601,190.817,10.828,69.162,63.718,110.785,32.983,71.319,73.536,76.811,29.677,114.227,73.439,Agtron 25
29.244,24.665,26.665,36.4,29.398,27.871,28.25,30.643,190.817,10.828,68.268,50.669,117.36,36.774,70.965,69.011,75.43,30.73,114.227,73.439,Agtron 25
28.72,24.525,26.107,35.529,28.501,27.378,27.415,29.411,190.817,10.828,68.59,54.105,115.721,35.943,70.693,70.211,75.482,29.471,114.227,73.439,Agtron 25
37.199,29.943,33.792,47.862,29.276,28.203,28.111,28.42,188.247,10.603,64.421,17.243,128.078,47.942,66.924,40.714,66.402,28.632,113.025,72.375,Agtron 25
35.009,27.798,31.607,45.623,27.793,26.482,26.655,27.007,188.247,10.603,64.365,15.98,131.462,45.652,67.964,39.234,66.271,27.07,113.025,72.375,Agtron 25
34.352,27.329,30.985,44.742,27.35,25.844,26.131,26.921,188.247,10.603,64.089,16.657,130.836,44.775,67.608,40.567,65.263,27.01,113.025,72.375,Agtron 25
25.725,21.664,24.665,30.847,23.279,22.0,22.656,24.179,166.174,19.792,53.869,25.128,105.521,30.958,62.028,45.53,69.706,24.321,120.503,53.963,Agtron 25
26.018,21.846,24.84,31.367,24.033,23.004,23.39,24.679,166.174,19.792,55.737,24.387,111.347,31.477,63.782,44.544,70.278,24.846,120.503,53.963,Agtron 25
25.41,19.385,24.562,32.283,22.857,20.743,22.073,23.782,166.174,19.792,61.143,19.001,132.072,32.357,67.813,32.147,67.493,23.91,120.503,53.963,Agtron 25
27.561,22.08,26.581,34.023,25.117,23.648,24.433,25.762,166.174,19.792,59.979,20.743,125.08,34.114,66.693,36.495,69.964,25.893,120.503,53.963,Agtron 25
24.112,20.029,23.64,28.666,23.598,21.857,22.955,25.066,165.418,13.57,52.873,29.906,99.635,29.08,61.719,43.974,74.618,25.416,111.982,56.796,Agtron 25
24.924,21.029,24.194,29.549,25.091,23.822,24.43,26.215,165.418,13.57,54.665,32.667,101.235,30.093,62.485,48.339,73.525,26.726,111.982,56.796,Agtron 25
24.942,23.477,23.632,27.716,25.458,25.194,24.811,26.125,165.418,13.57,62.332,67.068,90.902,29.027,62.455,66.103,68.23,27.003,111.982,56.796,Agtron 25
25.175,23.744,23.741,28.039,24.841,24.205,24.068,25.956,165.418,13.57,63.756,70.629,91.177,29.463,61.632,65.446,66.615,26.45,111.982,56.796,Agtron 25
42.027,28.398,38.679,59.005,26.519,21.079,23.267,25.277,190.33,10.607,72.763,10.233,149.045,59.01,67.007,11.887,52.639,25.29,113.409,73.382,Agtron 35
40.927,27.626,37.672,57.483,27.545,22.241,24.772,26.576,190.33,10.607,73.086,10.617,151.142,57.5,68.455,14.221,53.927,26.638,113.409,73.382,Agtron 35
42.812,29.769,39.346,59.32,27.22,22.239,24.334,26.102,190.33,10.607,71.551,9.948,145.378,59.327,66.295,12.108,54.419,26.119,113.409,73.382,Agtron 35
45.627,30.331,42.103,64.447,29.068,22.993,25.58,27.409,190.694,9.919,75.805,10.261,152.707,64.447,68.322,9.991,53.043,27.409,112.901,73.708,Agtron 35
44.772,29.707,41.291,63.318,29.212,24.117,25.828,26.986,190.694,9.919,76.204,11.319,153.936,63.358,68.975,15.165,53.771,27.091,112.901,73.708,Agtron 35
43.493,28.931,40.12,61.43,28.129,22.679,24.849,26.397,190.694,9.919,75.198,10.403,153.756,61.435,69.043,10.461,54.171,26.409,112.901,73.708,Agtron 35
43.152,28.373,39.726,61.356,28.086,22.376,24.75,26.299,190.694,9.919,75.759,10.803,155.11,61.365,69.139,13.384,52.4,26.319,112.901,73.708,Agtron 35
39.071,29.539,37.516,50.157,29.697,25.554,28.284,31.25,162.696,23.957,65.743,15.526,131.515,50.188,64.583,26.617,61.157,31.219,125.605,50.002,Agtron 35
38.821,26.522,37.791,52.15,29.177,23.263,27.144,30.755,162.696,23.957,72.54,15.237,150.21,52.173,69.464,20.795,58.039,30.719,125.605,50.002,Agtron 35
36.917,26.417,35.607,48.727,29.203,24.36,27.677,30.782,162.696,23.957,69.264,15.574,143.467,48.751,68.333,24.725,60.342,30.756,125.605,50.002,Agtron 35
35.354,26.9,33.856,45.306,26.66,22.718,25.217,28.417,163.236,24.124,63.441,17.883,127.089,45.35,62.84,32.327,59.525,28.364,125.778,49.922,Agtron 35
31.778,25.553,30.565,39.217,26.017,23.048,25.133,27.788,163.236,24.124,58.373,20.679,115.167,39.273,61.329,37.933,63.757,27.725,125.778,49.922,Agtron 35
30.812,24.938,29.368,38.13,24.303,21.632,23.308,25.894,163.236,24.124,57.957,21.391,114.286,38.195,61.133,40.593,63.208,25.846,125.778,49.922,Agtron 35
33.143,25.981,31.762,41.686,25.641,22.213,24.505,27.426,163.236,24.124,60.493,19.351,120.386,41.742,61.796,35.557,61.732,27.379,125.778,49.922,Agtron 35
50.984,30.564,47.898,74.489,31.647,22.395,26.229,28.915,190.292,9.716,83.308,11.485,163.949,74.489,70.084,6.649,45.999,28.915,112.168,73.908,Agtron 45
56.265,34.682,53.28,80.833,34.064,23.787,28.427,32.076,190.292,9.716,83.596,11.658,158.298,80.833,67.997,6.238,45.163,32.076,112.168,73.908,Agtron 45
58.187,36.825,55.16,82.575,34.085,24.726,28.581,31.573,190.292,9.716,82.773,11.634,154.11,82.575,66.647,6.07,46.281,31.572,112.168,73.908,Agtron 45
56.422,34.856,53.435,80.976,34.306,24.532,28.805,31.974,190.292,9.716,83.723,11.769,158.425,80.976,68.26,7.031,46.272,31.973,112.168,73.908,Agtron 45
40.728,27.596,39.753,54.835,31.97,24.868,30.047,34.243,159.9,21.183,73.726,15.546,150.771,54.859,69.752,21.886,57.184,34.206,120.903,49.529,Agtron 45
38.475,26.634,37.429,51.363,31.498,24.872,29.796,34.095,159.9,21.183,72.174,15.83,149.301,51.393,70.06,23.391,58.852,34.053,120.903,49.529,Agtron 45
39.846,27.17,39.095,53.273,31.998,24.587,30.261,34.784,159.9,21.183,73.15,16.192,149.957,53.3,69.754,22.982,57.655,34.744,120.903,49.529,Agtron 45
43.439,28.526,42.632,59.159,32.604,24.867,30.307,34.379,164.015,19.042,76.554,14.985,155.501,59.175,70.254,18.142,54.516,34.353,118.538,52.817,Agtron 45
39.953,26.217,39.145,54.497,32.636,24.114,30.587,35.743,164.015,19.042,75.449,15.847,155.979,54.52,71.352,22.002,55.122,35.708,118.538,52.817,Agtron 45
38.844,25.669,37.978,52.884,32.082,24.367,30.256,34.743,164.015,19.042,74.865,15.206,156.487,52.903,72.078,20.486,57.071,34.717,118.538,52.817,Agtron 45
41.536,27.485,40.701,56.421,34.296,26.019,32.339,37.233,164.015,19.042,76.428,15.583,157.257,56.445,72.181,20.985,56.313,37.199,118.538,52.817,Agtron 45
55.669,30.992,53.496,82.52,34.533,23.669,27.95,30.023,190.095,9.78,89.18,12.752,172.269,82.52,72.221,4.718,43.986,30.023,112.126,73.734,Agtron 55
60.481,34.12,58.367,88.956,36.04,24.103,28.726,31.308,190.095,9.78,90.317,12.941,169.055,88.956,70.678,4.819,42.358,31.308,112.126,73.734,Agtron 55
59.949,33.939,57.465,88.443,35.874,24.259,28.579,31.001,190.095,9.78,90.046,12.668,169.026,88.444,70.728,4.942,42.359,31.0,112.126,73.734,Agtron 55
61.316,35.095,58.997,89.856,36.626,24.711,29.537,32.154,190.095,9.78,90.044,12.751,167.523,89.857,70.368,4.692,42.685,32.153,112.126,73.734,Agtron 55
49.854,28.902,49.78,70.88,37.844,26.216,34.329,39.367,169.488,12.631,86.972,16.0,174.022,70.894,75.998,18.617,50.59,39.344,110.785,59.782,Agtron 55
50.783,29.295,50.852,72.201,38.7,26.543,35.115,40.434,169.488,12.631,87.331,15.841,173.944,72.209,75.834,17.264,49.793,40.421,110.785,59.782,Agtron 55
50.951,28.87,51.002,72.98,37.533,25.382,33.537,38.527,169.488,12.631,88.087,16.104,175.165,72.992,75.642,18.106,48.607,38.504,110.785,59.782,Agtron 55
46.673,25.663,45.996,68.359,37.128,24.524,33.326,38.876,169.85,9.927,87.98,15.391,180.179,68.371,78.216,18.915,48.283,38.855,105.098,62.521,Agtron 55
48.09,27.277,47.153,69.841,37.781,25.53,34.076,39.524,169.85,9.927,87.113,15.14,176.347,69.853,76.875,18.635,48.793,39.503,105.098,62.521,Agtron 55
43.257,22.94,42.532,64.298,34.55,22.094,30.411,36.224,169.85,9.927,87.651,15.363,183.278,64.313,79.13,18.719,47.004,36.198,105.098,62.521,Agtron 55
47.913,25.461,47.608,70.669,37.007,23.509,32.723,38.25,169.85,9.927,89.206,15.531,181.406,70.681,77.681,17.328,45.492,38.229,105.098,62.521,Agtron 55
47.388,24.94,46.758,70.467,36.113,23.194,31.375,36.784,169.85,9.927,89.651,15.185,183.29,70.478,78.362,16.638,45.961,36.763,105.098,62.521,Agtron 55
62.114,32.843,61.674,91.826,37.751,23.416,29.366,33.542,191.349,9.862,93.919,14.478,175.453,91.826,72.47,5.362,40.485,33.542,112.438,74.27,Agtron 65
59.76,31.015,59.489,88.775,35.231,22.283,26.712,29.078,191.349,9.862,93.262,14.587,176.423,88.775,72.103,4.854,40.021,29.078,112.438,74.27,Agtron 65
62.193,32.952,62.305,91.323,36.303,23.344,27.731,30.597,191.349,9.862,93.394,14.915,173.942,91.323,71.276,4.133,40.454,30.597,112.438,74.27,Agtron 65
60.327,32.295,59.566,89.121,37.711,23.56,30.341,34.281,190.598,9.768,92.661,13.986,174.876,89.121,72.718,5.892,41.14,34.281,112.185,73.974,Agtron 65
59.921,32.126,58.915,88.723,35.585,22.368,27.605,30.551,190.598,9.768,91.983,13.875,173.352,88.723,71.515,4.923,40.66,30.551,112.185,73.974,Agtron 65
59.146,32.156,58.172,87.109,36.284,23.332,28.96,32.483,190.598,9.768,91.158,13.864,172.501,87.109,71.772,5.735,41.931,32.483,112.185,73.974,Agtron 65
62.447,33.525,61.907,91.911,36.466,22.321,27.944,31.705,190.598,9.768,92.789,14.309,172.147,91.911,70.731,4.619,39.048,31.705,112.185,73.974,Agtron 65
59.609,31.407,58.882,88.539,36.542,22.565,28.608,32.335,190.598,9.768,92.835,14.109,175.857,88.54,72.641,5.268,40.593,32.335,112.185,73.974,Agtron 65
50.779,26.266,51.219,74.852,39.099,24.309,34.575,40.239,168.364,8.585,91.516,15.773,183.915,74.86,78.369,15.938,44.733,40.226,102.484,62.982,Agtron 65
57.987,30.465,58.724,84.772,42.96,27.069,37.853,43.539,168.364,8.585,94.181,15.899,181.864,84.779,77.564,14.597,45.122,43.527,102.484,62.982,Agtron 65
61.912,33.465,62.846,89.426,43.999,27.464,38.618,44.666,168.364,8.585,94.12,16.182,176.747,89.432,75.359,15.131,43.478,44.654,102.484,62.982,Agtron 65
53.41,27.023,54.13,79.077,40.491,24.987,35.576,40.901,168.364,8.585,93.713,16.119,185.932,79.088,78.836,16.018,44.482,40.881,102.484,62.982,Agtron 65
56.557,29.431,57.344,82.895,42.377,26.555,37.336,43.106,168.471,6.961,94.092,16.308,183.062,82.905,78.104,16.456,45.629,43.088,97.555,65.962,Agtron 65
54.696,28.229,55.459,80.4,43.624,27.137,39.125,45.608,168.471,6.961,94.252,16.488,185.855,80.413,79.821,17.99,45.634,45.587,97.555,65.962,Agtron 65
55.9,27.798,57.048,82.852,41.697,25.768,36.222,41.502,168.471,6.961,95.321,16.149,186.957,82.858,78.823,13.909,43.629,41.49,97.555,65.962,Agtron 65
72.675,39.294,72.734,105.996,41.821,25.56,32.262,36.446,192.248,9.854,97.353,14.846,171.216,105.997,71.141,4.227,38.722,36.446,112.768,74.652,Agtron 75
74.011,39.887,74.464,107.683,41.524,25.103,31.357,35.508,192.248,9.854,97.777,15.161,170.488,107.683,70.529,3.648,37.928,35.508,112.768,74.652,Agtron 75
73.933,40.06,74.126,107.614,41.467,25.085,31.34,35.571,192.248,9.854,97.504,14.928,169.971,107.614,70.451,3.241,37.972,35.571,112.768,74.652,Agtron 75
70.268,36.759,69.953,104.092,41.735,25.039,31.871,36.273,192.248,9.854,98.104,14.541,175.678,104.092,72.717,4.176,38.649,36.273,112.768,74.652,Agtron 75
62.99,31.384,64.384,93.201,47.058,28.763,40.905,47.215,167.246,6.776,98.977,16.661,187.061,93.21,79.459,16.35,43.339,47.197,96.496,65.715,Agtron 75
59.579,28.305,60.798,89.635,44.306,25.511,37.837,43.859,167.246,6.776,98.892,16.258,190.775,89.643,80.113,15.219,41.758,43.843,96.496,65.715,Agtron 75
65.401,31.844,66.861,97.498,45.357,26.572,37.975,43.188,167.246,6.776,100.188,16.207,186.856,97.502,78.13,13.42,41.197,43.179,96.496,65.715,Agtron 75
62.455,30.451,63.714,93.2,45.473,26.831,38.802,44.796,167.246,6.776,99.256,16.372,188.187,93.21,79.268,15.587,42.28,44.777,96.496,65.715,Agtron 75
30.44,26.082,26.389,38.849,19.132,15.934,17.004,21.188,167.15,10.564,68.163,72.398,93.013,39.077,56.086,79.69,34.147,20.95,109.053,59.838,Agtron 25
29.751,25.172,26.501,37.58,18.071,14.924,16.072,20.144,167.15,10.564,60.332,54.821,88.379,37.797,52.851,73.262,35.895,19.983,109.053,59.838,Agtron 25
31.25,26.522,27.987,39.243,21.501,18.23,19.562,23.979,167.15,10.564,60.628,54.881,87.547,39.457,53.377,72.988,38.067,23.771,109.053,59.838,Agtron 25
30.796,26.188,27.394,38.806,20.933,17.595,18.984,23.402,167.15,10.564,61.993,58.625,88.292,39.061,53.901,74.454,37.5,23.182,109.053,59.838,Agtron 25
29.505,25.362,26.332,36.822,19.466,16.469,17.786,21.642,167.15,10.564,61.416,60.937,86.233,37.078,53.655,75.404,35.822,21.425,109.053,59.838,Agtron 25
25.969,24.212,23.123,30.572,19.314,16.981,17.987,21.79,172.291,5.603,66.09,89.377,77.136,31.758,53.798,70.771,37.138,21.259,102.249,66.079,Agtron 25
24.846,23.329,22.524,28.685,19.034,16.886,17.881,21.438,172.291,5.603,62.752,87.14,71.184,29.933,52.838,69.009,37.825,20.965,102.249,66.079,Agtron 25
25.38,24.234,23.144,28.764,18.591,16.873,17.626,20.586,172.291,5.603,62.171,87.848,68.387,30.28,51.634,66.566,37.997,20.208,102.249,66.079,Agtron 25
26.005,23.387,23.247,31.38,19.388,16.793,17.834,22.007,172.291,5.603,62.94,76.525,79.969,32.326,53.657,71.736,40.201,21.524,102.249,66.079,Agtron 25
25.474,24.242,23.118,29.062,19.438,18.044,18.581,21.042,172.291,5.603,63.824,91.414,69.7,30.359,52.998,69.149,35.983,20.837,102.249,66.079,Agtron 25
25.653,23.482,23.114,30.362,18.883,16.687,17.652,21.126,172.291,5.603,62.069,79.312,75.561,31.334,53.029,71.45,38.482,20.649,102.249,66.079,Agtron 25
25.747,23.397,23.223,30.62,18.493,15.853,17.02,21.198,172.291,5.603,61.068,74.992,76.478,31.733,52.161,69.876,39.478,20.719,102.249,66.079,Agtron 25
26.18,24.029,23.494,31.018,19.561,17.275,18.216,21.965,172.291,5.603,63.844,81.559,77.789,32.183,53.076,70.71,38.387,21.614,102.249,66.079,Agtron 25
36.121,27.542,31.928,48.892,22.867,16.543,19.501,25.699,172.623,5.24,63.842,30.428,112.14,48.957,54.758,57.532,36.862,25.61,101.519,66.361,Agtron 35
36.064,27.094,31.917,49.182,24.254,17.073,20.877,27.708,172.623,5.24,64.773,30.923,114.147,49.249,55.701,57.716,37.271,27.623,101.519,66.361,Agtron 35
33.692,25.028,29.654,46.395,21.432,14.57,17.779,24.432,172.623,5.24,63.713,28.225,116.45,46.464,56.03,54.985,38.264,24.339,101.519,66.361,Agtron 35
36.04,26.448,31.809,49.862,23.377,15.94,19.661,26.416,172.623,5.24,65.077,26.154,119.166,49.91,56.384,52.795,37.218,26.35,101.519,66.361,Agtron 35
35.737,27.113,31.617,48.481,21.265,14.899,17.805,23.747,172.623,5.24,63.389,28.535,113.081,48.553,54.125,55.552,35.207,23.64,101.519,66.361,Agtron 35
38.242,27.841,33.57,53.313,24.84,17.35,20.788,27.583,171.277,5.509,67.733,26.518,123.308,53.374,57.571,52.953,37.281,27.495,101.767,65.636,Agtron 35
36.868,26.532,32.416,51.655,24.02,16.179,20.066,26.853,171.277,5.509,66.848,24.848,124.008,51.686,57.503,51.242,36.252,26.811,101.767,65.636,Agtron 35
40.068,28.271,35.384,56.55,25.72,17.264,21.171,28.381,171.277,5.509,68.679,21.573,127.879,56.585,58.458,46.097,38.14,28.329,101.767,65.636,Agtron 35
38.907,27.576,34.327,54.817,25.151,17.387,20.891,27.505,171.277,5.509,67.682,20.226,127.988,54.833,58.211,44.533,37.056,27.483,101.767,65.636,Agtron 35
37.806,27.036,33.379,53.003,24.556,16.359,20.45,27.507,171.277,5.509,67.435,24.448,124.825,53.031,57.795,50.462,37.029,27.466,101.767,65.636,Agtron 35
39.216,28.035,34.688,54.924,24.974,17.429,21.005,27.089,171.277,5.509,67.431,20.24,127.106,54.947,57.642,44.562,36.142,27.055,101.767,65.636,Agtron 35
47.383,30.359,42.797,68.992,30.332,18.675,24.754,31.949,171.918,5.75,76.239,14.439,145.279,68.998,62.632,29.749,35.0,31.94,102.859,65.843,Agtron 45
47.011,30.063,42.225,68.746,30.111,17.993,24.251,32.026,171.918,5.75,76.317,14.961,145.234,68.755,62.969,31.68,35.996,32.011,102.859,65.843,Agtron 45
47.317,30.229,42.525,69.198,30.025,18.336,24.114,31.513,171.918,5.75,76.414,13.986,146.052,69.204,63.033,29.074,35.82,31.501,102.859,65.843,Agtron 45
44.988,29.178,40.305,65.48,29.055,17.837,23.47,31.173,171.918,5.75,74.251,13.924,143.342,65.487,62.466,29.638,36.971,31.161,102.859,65.843,Agtron 45
45.436,28.957,40.744,66.608,29.243,17.455,23.362,31.196,171.918,5.75,75.334,13.901,145.489,66.613,63.089,29.214,36.642,31.187,102.859,65.843,Agtron 45
48.45,31.103,43.776,70.471,32.585,20.76,27.309,34.655,171.918,5.75,76.677,13.555,146.002,70.475,63.802,28.068,37.352,34.648,102.859,65.843,Agtron 45
48.353,30.984,43.522,70.554,30.33,18.339,24.277,31.878,171.918,5.75,76.576,13.593,145.574,70.56,62.794,27.808,35.73,31.867,102.859,65.843,Agtron 45
48.197,30.823,43.521,70.248,31.976,19.052,26.364,34.632,171.918,5.75,76.647,14.999,144.683,70.257,63.321,31.672,36.839,34.617,102.859,65.843,Agtron 45
47.736,30.605,43.026,69.577,30.388,18.224,24.509,32.322,171.918,5.75,76.496,15.122,144.778,69.587,62.81,31.612,36.271,32.305,102.859,65.843,Agtron 45
45.766,28.98,40.86,67.459,29.6,17.532,23.585,31.438,171.918,5.75,76.416,14.577,147.206,67.464,63.694,31.354,35.84,31.429,102.859,65.843,Agtron 45
56.053,33.753,51.314,83.092,35.843,21.331,29.228,35.972,172.044,5.167,83.998,12.529,156.371,83.094,66.368,21.168,33.554,35.967,100.892,66.112,Agtron 55
53.792,32.431,48.852,80.094,34.981,20.759,28.451,35.471,172.044,5.167,82.913,12.462,156.182,80.096,66.392,22.244,33.633,35.467,100.892,66.112,Agtron 55
53.399,32.259,48.521,79.417,35.787,20.956,29.326,37.355,172.044,5.167,82.901,14.248,155.035,79.421,66.606,27.95,34.701,37.348,100.892,66.112,Agtron 55
52.53,32.025,47.921,77.644,34.814,20.744,28.661,36.22,172.044,5.167,81.647,13.736,153.555,77.649,65.751,25.971,34.428,36.211,100.892,66.112,Agtron 55
52.764,31.791,47.896,78.605,34.529,20.058,27.81,35.632,172.044,5.167,82.34,13.191,155.222,78.607,66.299,24.954,34.457,35.629,100.892,66.112,Agtron 55
53.575,32.644,48.903,79.179,35.119,21.002,28.9,36.169,172.044,5.167,82.243,13.515,154.029,79.183,65.819,25.326,34.077,36.161,100.892,66.112,Agtron 55
53.714,32.852,48.743,79.547,34.864,20.934,28.524,35.599,172.044,5.167,82.196,12.795,154.242,79.551,65.775,23.881,33.581,35.593,100.892,66.112,Agtron 55
54.801,33.721,50.171,80.512,35.357,21.113,29.361,36.272,172.044,5.167,82.095,13.264,152.508,80.514,65.184,24.608,33.583,36.269,100.892,66.112,Agtron 55
54.678,32.828,50.094,81.112,35.442,20.897,28.824,36.106,172.044,5.167,83.44,12.736,156.47,81.114,66.415,21.787,33.42,36.103,100.892,66.112,Agtron 55
61.672,34.701,57.802,92.513,38.337,21.31,30.4,36.569,172.84,4.988,89.939,12.571,164.731,92.513,68.78,15.265,32.183,36.569,100.436,66.536,Agtron 65
61.406,35.454,58.146,90.618,38.244,21.855,31.228,37.383,172.84,4.988,87.802,12.726,160.063,90.618,67.296,14.928,33.166,37.383,100.436,66.536,Agtron 65
61.874,35.332,58.612,91.68,38.629,21.721,31.276,37.724,172.84,4.988,88.803,12.894,161.833,91.681,68.01,15.245,33.421,37.722,100.436,66.536,Agtron 65
61.19,35.212,57.907,90.451,38.502,21.922,31.594,37.772,172.84,4.988,87.963,12.74,160.698,90.451,67.567,15.189,32.916,37.77,100.436,66.536,Agtron 65
59.921,34.449,56.303,89.011,37.655,21.249,30.58,36.863,172.84,4.988,87.654,12.907,161.042,89.013,67.609,17.238,32.902,36.86,100.436,66.536,Agtron 65
62.239,35.745,58.796,92.174,38.685,22.178,31.444,37.405,172.84,4.988,88.904,12.914,161.623,92.175,67.792,15.808,32.636,37.402,100.436,66.536,Agtron 65
60.422,34.376,57.248,89.642,39.025,21.828,31.971,39.089,172.84,4.988,88.274,13.319,161.86,89.643,68.404,17.598,34.131,39.087,100.436,66.536,Agtron 65
58.315,34.174,54.599,86.173,38.114,22.236,31.747,38.51,172.84,4.988,85.936,13.018,158.615,86.175,67.274,19.3,33.51,38.506,100.436,66.536,Agtron 65
61.466,35.301,58.2,90.896,38.453,21.985,31.299,37.57,172.84,4.988,88.271,13.289,160.626,90.898,67.58,17.054,33.685,37.566,100.436,66.536,Agtron 65
61.494,35.672,58.287,90.524,38.932,22.478,32.176,38.559,172.84,4.988,87.791,13.436,159.413,90.525,67.345,18.07,33.574,38.556,100.436,66.536,Agtron 65
59.143,34.185,55.7,87.544,37.799,21.8,31.081,37.465,171.06,7.691,87.062,13.279,160.361,87.547,67.487,18.413,33.232,37.46,104.903,63.954,Agtron 65
60.866,34.396,57.155,91.048,38.716,21.857,31.164,37.715,171.06,7.691,89.351,12.554,164.451,91.049,68.864,14.849,32.297,37.714,104.903,63.954,Agtron 65
60.341,34.47,56.618,89.936,38.234,21.726,30.904,37.408,171.06,7.691,88.459,13.163,162.278,89.938,68.057,18.064,32.388,37.405,104.903,63.954,Agtron 65
58.115,32.997,54.646,86.7,38.434,21.825,31.587,38.696,171.06,7.691,87.557,12.769,163.201,86.701,68.694,16.381,32.786,38.695,104.903,63.954,Agtron 65
59.577,33.553,56.339,88.839,38.667,21.728,31.594,38.355,171.06,7.691,88.63,13.004,164.048,88.839,68.903,16.101,33.25,38.354,104.903,63.954,Agtron 65
59.652,33.624,55.881,89.452,38.64,21.92,31.296,37.94,171.06,7.691,89.013,12.517,165.069,89.452,69.224,15.408,32.601,37.938,104.903,63.954,Agtron 65
57.882,33.044,54.044,86.558,38.337,21.817,31.364,38.674,171.06,7.691,87.355,13.031,162.473,86.56,68.662,19.067,33.419,38.67,104.903,63.954,Agtron 65
57.184,31.865,53.273,86.414,37.394,20.796,29.96,36.799,171.06,7.691,88.36,12.531,166.134,86.414,69.476,16.582,32.393,36.798,104.903,63.954,Agtron 65
60.038,34.46,56.267,89.388,38.63,22.698,31.688,37.784,171.06,7.691,88.395,12.732,163.064,89.388,68.695,16.783,33.862,37.783,104.903,63.954,Agtron 65
57.873,32.827,54.161,86.631,37.364,20.835,30.091,37.155,171.06,7.691,87.423,12.597,163.04,86.632,68.267,16.219,31.941,37.153,104.903,63.954,Agtron 65
60.543,34.712,57.093,89.826,37.186,21.47,29.867,35.479,171.06,7.691,88.335,12.529,162.65,89.826,67.768,13.702,32.548,35.479,104.903,63.954,Agtron 65
63.098,36.024,59.883,93.388,38.724,22.173,31.427,36.857,171.06,7.691,89.596,12.983,162.416,93.388,67.848,14.919,32.286,36.856,104.903,63.954,Agtron 65
61.125,35.25,57.673,90.452,37.999,22.38,31.105,36.359,171.06,7.691,88.246,12.456,161.829,90.453,67.818,13.589,33.581,36.357,104.903,63.954,Agtron 65
60.725,34.31,57.441,90.424,37.619,20.952,29.938,36.327,171.06,7.691,88.81,12.772,163.234,90.425,68.093,14.095,32.687,36.325,104.903,63.954,Agtron 75
69.223,38.727,66.49,102.452,42.645,24.435,34.878,40.009,172.875,5.065,93.817,12.913,166.087,102.452,69.899,10.753,33.142,40.009,100.646,66.516,Agtron 75
72.458,41.158,69.829,106.388,45.044,26.149,37.381,43.22,172.875,5.065,94.581,13.202,164.152,106.388,70.2,12.305,34.099,43.22,100.646,66.516,Agtron 75
69.171,38.698,66.049,102.766,43.773,25.225,36.101,41.733,172.875,5.065,94.019,13.068,166.223,102.767,70.483,13.85,33.576,41.732,100.646,66.516,Agtron 75
67.286,37.39,64.053,100.416,43.339,24.772,35.771,41.711,172.875,5.065,93.554,12.703,167.544,100.416,71.023,12.722,34.243,41.711,100.646,66.516,Agtron 75
65.224,36.303,62.058,97.31,43.216,24.461,35.973,42.83,172.875,5.065,92.297,13.097,166.485,97.31,70.769,15.567,33.863,42.829,100.646,66.516,Agtron 75
70.093,39.607,67.124,103.547,45.372,26.953,38.214,43.95,172.875,5.065,93.988,13.035,165.383,103.548,70.969,13.22,35.519,43.949,100.646,66.516,Agtron 75
65.513,36.537,62.226,97.775,42.689,24.139,35.263,41.828,172.875,5.065,92.401,12.934,166.494,97.775,70.587,14.78,33.852,41.827,100.646,66.516,Agtron 75
71.645,40.427,68.617,105.892,44.26,25.772,36.356,41.645,172.875,5.065,94.786,13.146,165.32,105.893,70.305,13.245,33.99,41.643,100.646,66.516,Agtron 75
68.138,37.688,64.779,101.946,43.326,24.688,35.345,41.126,172.875,5.065,94.088,12.633,167.684,101.946,70.898,12.231,33.55,41.125,100.646,66.516,Agtron 75
71.52,39.871,69.15,105.539,43.257,24.564,35.156,40.12,172.875,5.065,94.889,13.497,165.632,105.539,69.83,12.405,33.508,40.119,100.646,66.516,Agtron 75
71.415,39.392,69.22,105.633,42.55,23.877,34.043,38.748,172.875,5.065,95.263,13.431,166.725,105.633,69.856,10.588,33.396,38.747,100.646,66.516,Agtron 75
67.498,38.023,64.6,99.87,41.464,23.826,33.787,39.03,172.875,5.065,92.633,13.027,165.001,99.871,69.353,12.504,33.517,39.029,100.646,66.516,Agtron 75
